brand,recipient_name,recipient_email,contact_type,product_line,appreciation,india_context,source_url,source_checked,approved,notes
Apple,Apple India Media team,media.in@apple.com,India media relations,"MacBook Air or MacBook Pro","I admire how the MacBook line combines long battery life, strong performance and a tightly integrated hardware-and-software experience that is especially appealing for development and focused study.","Apple has a long-standing presence in India and publishes a dedicated India media contact, which is why I’m reaching the India team rather than an unrelated support address.",https://www.apple.com/in/newsroom/2026/07/apple-reports-third-quarter-results/,2026-09-27,no,"Official Apple India newsroom contact. Media inbox may redirect non-media requests."
Dell Technologies,Dell Technologies Media Relations,Media.Relations@Dell.com,global public relations,"Dell or Dell Pro laptop","I appreciate Dell’s long history of building practical PCs across student, consumer and professional use cases, and the company’s continuing focus on modern AI-era PCs and serviceability for real work.","Dell continues to operate broadly in India and its official newsroom publishes this public-relations address; a 2026 India-focused Dell announcement also lists Dell media relations.",https://www.dell.com/en-us/dt/corporate/newsroom/announcements/detailpage.press-releases~usa~2026~1~dell-technologies-enables-nxtgen-to-build-indias-largest-ai-factory.htm,2026-09-27,no,"Official public media inbox."
HP,HP Media Relations,mediarelations@hp.com,global media relations,"HP OmniBook or an equivalent student/developer laptop","I like HP’s emphasis on capable everyday PCs and its recent work around AI PCs, local intelligence and productivity-oriented devices; the OmniBook direction is particularly interesting for a student who codes and works across many tools.","HP sells and supports a broad laptop portfolio in India, including a dedicated student store, so I’m hoping the media/brand team can route a genuine student-support request appropriately.",https://www.hp.com/us-en/newsroom/press-releases/2026/hp-inc-reports-fiscal-2026-third-quarter-results.html,2026-09-27,no,"Official HP newsroom media address."
ASUS,ASUS Global Media Contact,Media@asus.com,global media relations,"Zenbook, Vivobook, or ROG laptop","I admire the breadth of ASUS laptops—from practical Vivobooks to thin Zenbooks and high-performance ROG machines—and the way ASUS keeps experimenting with displays, form factors and performance-focused designs.","ASUS has an established India presence and dedicated India laptop sales/support channels; its pressroom publishes this global media contact for routing media and brand inquiries.",https://press.asus.com/contact,2026-09-27,no,"Official ASUS Pressroom global media inbox."
Acer,Acer India Enquiries,AcerIndia.Enquiries@acer.com,India sales/enquiries,"Aspire, Swift, Nitro, or Predator laptop","I appreciate that Acer covers a wide range of users, from accessible Aspire systems to portable Swift models and performance-focused Nitro and Predator devices, which makes the brand feel relevant to students at different stages.","Acer’s official India store publishes this address for product-purchase enquiries, so it is a more appropriate route for a non-technical request than sending to a repair-only mailbox.",https://store.acer.com/en-in/contact,2026-09-27,no,"Official Acer India e-store enquiry address; ask to route to marketing/community team."
Samsung,Samsung India Corporate Communications,corpcommindia@samsung.com,India corporate communications,"Galaxy Book laptop","I admire Samsung’s ability to connect phones, displays and PCs into one broader device ecosystem, and the Galaxy Book approach is especially attractive for someone who values portability alongside development and productivity.","Samsung’s India newsroom publishes a dedicated corporate-communications address, and Samsung has continued emphasizing India-led R&D, education, skilling and technology initiatives.",https://news.samsung.com/in/samsung-swa-president-ceo-jb-parks-message-on-completing-30-years-in-india-the-launch-of-poweringinnovationforindia,2026-09-27,no,"Official Samsung Newsroom India media address."
LG,Neeta Linz,neeta.linz@lge.com,India corporate communications,"LG gram laptop","The LG gram line stands out to me because it has consistently focused on making large-screen laptops unusually light and portable without treating mobility as an afterthought.","LG India’s official press-and-media page lists its Corporate Communications contact directly, and LG continues to maintain an India laptop/gram product presence.",https://www.lg.com/in/about-lg/press-and-media/media-contacts/,2026-09-27,no,"Official LG India corporate communications contact."
MSI,MSI India Laptop team,indiaservicenb@msi.com,India laptop contact,"Prestige, Modern, Stealth, Cyborg, or another MSI laptop","I appreciate MSI’s strong PC heritage and the way its laptop portfolio spans creator, productivity and high-performance gaming systems—useful categories for students who both build software and need sustained performance.","MSI’s official India contact page identifies this as its India laptop email; I realize it is primarily a laptop-service route, so I would be grateful if the team could forward a sponsorship/community request internally if appropriate.",https://in.msi.com/about/contact-us-select,2026-09-27,no,"Official MSI India laptop email, but service-oriented; use politely and ask for routing."
GIGABYTE,Saad Husain,saadh@gigabyte.com,North India laptop sales,"GIGABYTE or AORUS laptop","I like GIGABYTE’s engineering-first PC background and the way its laptop lineup draws on the company’s long experience with performance hardware, cooling and enthusiast computing.","GIGABYTE’s current India contact page publicly lists a dedicated North India laptop contact, making it a relevant route for a Delhi-based student request.",https://www.gigabyte.com/in/Contact,2026-09-27,no,"Current official North India laptop sales contact."
TECNO,TECNO PR team,pr.tecno@tecno-mobile.com,global media/PR,"MEGABOOK laptop","I find TECNO’s effort to bring slim, modern laptop designs such as the MEGABOOK family to value-conscious users interesting, especially for students who need a capable machine without treating premium pricing as the only path to good design.","TECNO’s official contact page publishes this address specifically for media enquiries; I’m asking only that the request be routed to the appropriate India/community or partnership team if relevant.",https://www.tecno-mobile.com/contact-us/,2026-09-27,no,"Official TECNO media email."
Primebook,Primebook Business team,pankaj@primeos.in,business/sample contact,"Primebook laptop","I appreciate Primebook’s India-focused attempt to rethink affordable personal computing around student and education use cases rather than simply copying the conventional laptop formula.","Primebook’s official FAQ specifically says this contact handles bulk demos and sample-laptop requests, so I’m reaching out transparently as an individual student rather than pretending to be a bulk buyer.",https://www.primebook.in/faq,2026-09-27,no,"Official Primebook business/sample contact. The FAQ says sample units are generally available at manufacturing cost, so a free-unit request may be declined."
Microsoft Surface,Microsoft Surface specialists,surfind@microsoft.com,India Surface specialist,"Surface Laptop","I admire the Surface Laptop philosophy of pairing Windows with hardware designed by the same company, especially the clean form factor, portability and first-party Windows experience.","Microsoft’s official India Surface business page publicly lists this address for Surface specialists. I understand it is a product-specialist route, so I’m asking the team to redirect me if student/community requests are handled elsewhere.",https://www.microsoft.com/en-in/surface/business/where-to-buy-microsoft-surface,2026-09-27,no,"Official Surface India specialist email; business-oriented, so ask for routing."
